{
  "accuracy": 0.9021739130434783,
  "precision": 0.918918918918919,
  "recall": 0.9577464788732394,
  "f1_score": 0.9379310344827587,
  "confusion_matrix": [
    [
      15,
      6
    ],
    [
      3,
      68
    ]
  ]
}