{
  "accuracy": 0.8478260869565217,
  "precision": 0.9014084507042254,
  "recall": 0.9014084507042254,
  "f1_score": 0.9014084507042254,
  "confusion_matrix": [
    [
      14,
      7
    ],
    [
      7,
      64
    ]
  ]
}