{
  "accuracy": 0.8478260869565217,
  "precision": 0.8701298701298701,
  "recall": 0.9436619718309859,
  "f1_score": 0.9054054054054054,
  "confusion_matrix": [
    [
      11,
      10
    ],
    [
      4,
      67
    ]
  ]
}